from,to,next_offset,Full_Arousal,Full_Valence,Foreground_Arousal,Foreground_Valence,Background_Arousal,Background_Valence
0,10,5,0.07670872803212722,0.5878477821439353,1.2278137512638516,0.9270383260355997,-1.9720955327438752,0.4005113560164343
5,15,10,-0.05288604522304427,0.5621849843980199,0.9928677225306891,0.8044137267020237,-1.6178655191099323,0.3961890660451831
10,20,15,-0.49177570048844044,0.4770413807359958,1.1908938823492399,0.8915201427622216,-1.4297640739183632,0.2628172238328441
15,25,20,0.11309645416101219,0.5135178981343556,1.4381921147378922,0.7554534375897947,-1.5348072107092532,0.43648571452690643
20,30,25,0.26508195655942246,0.5069921636083603,1.9914635790086674,0.8645894084368714,-1.4137244474535113,0.42871457413423764
25,35,30,-0.2464462752395706,0.5157569595735331,0.9525112648353665,0.8187969699380164,-1.3134384915961232,0.43376276129359437
30,40,35,-0.4378442694303031,0.5631164454275259,1.2512821545039599,0.9346810379904049,-1.6493968897136213,0.43408345667412074
35,45,40,-0.4675158889250426,0.5974162922941456,0.6681545938473247,0.899486650474633,-1.5666142022276721,0.4475430707635477
40,50,45,-0.506580499839898,0.5752571698496084,0.7022486032518948,1.0151403909439107,-1.4049153406271206,0.38962237971178804
45,55,50,-0.0815783853753955,0.5190000408224689,1.1962501584592629,0.9270564363720966,-1.471938163893158,0.3489428929431332
50,60,55,-0.026753077607604453,0.485926462835232,1.6006033554733896,0.7056838723263488,-1.4286339803576797,0.4252569300501279
55,65,60,-0.7221219489839986,0.47822516644273994,1.324018929875318,0.7754478421143263,-1.3002516000811388,0.3826654021202678
60,70,65,-0.8236025255219076,0.4414666962415985,1.2621907000553005,0.7398220935375357,-1.6220863095125262,0.33365659490577415
65,75,70,-0.5346556857353453,0.3659279804688237,1.0161700693062614,0.7274193052998255,-1.4498201639551749,0.31024285153665815
70,80,75,-0.46648221429802483,0.3349134356587083,0.44256976403066817,0.07096523122802079,-1.0802497257777974,0.4737133178273474
75,85,80,0.12255328346293984,0.31134872071812164,1.2837663902276681,0.6963905930479961,-0.17307161512205024,0.13204716771083672
80,90,85,0.5483383387890317,0.3288385349814027,1.4655808014144611,0.8247396677964967,-0.08619008477126208,0.25836020937516047
85,95,90,0.2755261301982028,0.3391168447448047,1.5594449781078679,0.9744450268398174,-0.5817076226461623,0.042553835158360226
90,100,95,0.6555060073448672,0.2973665861516984,2.2577111143215465,0.8822314149322524,-0.2356409572681216,0.019386481171714626
95,105,100,0.39037947926766225,0.3702936916367511,2.1108002026630537,0.6870245970048077,-0.9457655849418182,0.333736610303236
100,110,105,-0.6733562763679019,0.49825720495308823,0.6666768377424309,0.681196169590826,-1.6539261550184328,0.44145537776444177
105,115,110,-0.811971400551709,0.5066008984462604,0.26188178280296903,1.0330390506645213,-1.3212011023467838,0.29927670547296836
110,120,115,-0.42987235239951593,0.5287010724945178,0.7394058356123542,0.8919684682066502,-1.0045708543872696,0.3347485433063354
115,125,120,-0.3968266265805138,0.5656431568153495,1.4489925331767617,0.9926951838809008,-1.315628219714477,0.38605644760397295
120,130,125,-0.8104417130397426,0.5313323477418445,0.4584807655028583,0.808276906826216,-1.591942279134142,0.4564562215832636
125,135,130,-0.826372601759705,0.4848535975262942,1.158526625302675,0.8192676658772764,-1.4388915780174436,0.34254502984353286
130,140,135,-0.6187815243371361,0.36597006151428646,0.5531700026392131,0.7793930285094464,-1.5097780444888054,0.23907086397358224
135,145,140,-0.4512741116821932,0.3773102601990186,1.5755118503457248,0.9868842015598407,-1.6797207627473654,0.2761444086850332
140,150,145,-1.0999853042428527,0.5891886702444682,1.2589948140560876,0.8972331803075275,-1.9081872453260462,0.38369205574090026
145,155,150,-1.41776733902206,0.6492514088497656,0.4789204951286422,0.8452609010359652,-2.031962192068012,0.5691736118568289
150,160,155,-0.7390075653130119,0.5929845497522889,0.7035555187659105,0.9239967456600611,-1.5023963034946064,0.4180283557607669
155,165,160,-0.8998972725756395,0.5433959567615984,0.2692641902445222,0.9518624317244114,-1.5260022679868188,0.4567085000663421
160,170,165,-0.9568279942639859,0.49928290541034936,-0.08335098470194499,0.6801335798621251,-1.5881953082533133,0.4093245515659789
165,175,170,-0.728047309610766,0.5102896008691039,0.579625195774173,0.8034335635000447,-1.9130795269953371,0.3614545015773453
170,180,175,-1.0294623062855626,0.6022078353788892,0.6771668108416758,0.6851725454189848,-1.6399465732075815,0.5950690585407287
175,185,180,-1.3231770881047413,0.7221015157251777,1.9277350348374778,0.9528574989162922,-1.9610446134701778,0.6821885235664072
180,190,185,-1.2383999491070103,0.6967411189241317,1.4810055483263092,0.7403017213562283,-2.563841966023449,0.7362123466023347
185,195,190,-1.8857572221446282,0.8274182103839878,0.6123782051739709,0.8378819499005115,-2.764448573329584,0.8781348595303113
190,200,195,-1.5433183428458328,0.8429286874971271,1.0134805029872753,0.9229268955126231,-2.514365485800709,0.9435960103051627
195,205,200,-1.0416240117028224,0.7444216955079317,1.8915128428499963,0.7860430168819221,-2.6670707257213784,0.81038578883271
200,210,205,-1.3916284325504433,0.6867625986258857,0.856319896271205,0.5571203549845515,-1.9117015533669142,0.860135916896747
205,215,210,-1.2305833627190934,0.48155774697065745,-0.00048485212365032004,0.5581876055030738,-1.6841622736492152,0.40949310126812577
210,220,215,-1.0410056471007876,0.3700586498504942,0.6878612567231254,0.47492249626701644,-1.7264465223950964,0.3025882924484763
215,225,220,-0.734383122264839,0.4208155147389466,1.1370402173821583,0.6214694770307412,-1.6731594510578462,0.347399498685925
220,230,225,-0.6898100208584342,0.4799725525182513,0.6903320096358777,0.6497975420062402,-1.5161123062271353,0.43708720073700635
225,235,230,-0.9519046765368234,0.5446140485541806,0.6138851952684666,0.8213037950686372,-1.7150924245471413,0.4113498589663819
230,240,235,-1.0884441655891504,0.6373456661596226,0.6227742491855744,0.9653883483079234,-2.034970110122646,0.5489719347942096
235,245,240,-1.5480226189819417,0.6945898487989901,1.444620593564583,0.8013787154162844,-2.3627948903638445,0.6078356095035391
240,250,245,-1.9163367761972843,0.7091858890621476,0.7553872071691451,0.5912810006672876,-2.655998720313583,0.7035759634774268
245,255,250,-1.7523990333057065,0.6684650118422011,0.7999744395483143,0.7215069047489547,-2.5544390112487925,0.6485632041336821
250,260,255,-1.4066198072626717,0.6646934121060168,0.5702075026103209,0.6820926256055986,-2.283426675881392,0.5553480269258445
255,265,260,-1.2837571756613269,0.5660468615787183,0.6914903167896683,0.9275947327370893,-2.025338492662064,0.3753398933737073
260,270,265,-0.7623216679790566,0.4256422576088944,1.1112061649926255,0.7043816180187406,-1.2541398964076529,0.16964624722512459
265,275,270,-1.0786605025755114,0.4371977096140458,1.2455971493603475,0.7801111565829191,-1.7102571333678485,0.2712787240829828
270,280,275,-0.8688705712560131,0.4810545243510972,0.6617106413640627,0.6748847285302005,-1.4716888679446458,0.3821893278041091
275,285,280,-0.3269777204856431,0.5208785036996403,1.8663093943123383,0.9381447537458891,-1.9533451383243916,0.36921271910113224
280,290,285,-0.387875284092424,0.5351676001872397,1.8556405686394288,0.7456474885730359,-1.506928112978749,0.44558768420129713
285,295,290,-0.7244513606434166,0.4738280544821475,0.8823576494288675,0.6513567160495973,-1.3670949344468086,0.37988090878333847
290,300,295,-0.8725923462182802,0.48380428649588714,0.8969506614648223,0.5914942107459763,-1.4191046182790585,0.44582001263929205
295,305,300,-0.7176193858261322,0.572633145969673,1.288592265680352,0.8495340930205987,-1.4357674324821754,0.48373378451950144
300,310,305,-1.0576991648418805,0.6036923298321801,0.9571554663142617,0.7591691213760684,-1.8129600641019963,0.5323067297189046
305,315,310,-1.409986151530475,0.5616991631443353,-0.12290369342804328,0.49510341036443606,-2.1050100720789375,0.5120172609142934
310,320,315,-1.2711149275184328,0.5437551136361953,-0.16545429025121536,0.5525052094806621,-1.7003038153935788,0.41616531593446604
315,325,320,-1.262213966506527,0.5423051485001364,0.1425933629168398,0.6229367237550661,-1.6402031023736907,0.42259126331881225
320,330,325,-1.5073480708924987,0.5805007026365436,0.819176819207439,0.6702245363556572,-1.9842519360006141,0.5038163117967428
325,335,330,-1.3673743665415112,0.5823121790113993,1.3858657579993046,0.8489113304058101,-1.9688893224781725,0.530888056350733
330,340,335,-0.5265384907246854,0.4857607598141561,1.2044557611618154,0.679889093197019,-1.337886799600247,0.41297677779786823
335,345,340,-0.49835684276637937,0.49576508033273714,1.3807356550534247,0.7348696194986706,-1.8284922949977322,0.44755538772508374
340,350,345,-0.9859962552886046,0.5069572778364329,0.7756632229740786,0.827829937522876,-1.900218414911813,0.4298772262072499
345,355,350,-0.6150781622161442,0.46509806517333363,0.9683383982568335,0.8750335213760367,-1.681889416033514,0.326899467303324
350,360,355,-0.22750357664328016,0.4367742169748935,1.5572109410793387,0.7378120373194742,-1.6888003843432755,0.3705056687855669
355,365,360,-0.683591467292288,0.39672840312740465,1.6779391925900087,0.7767497573985934,-1.4630441515867514,0.316160279751619
360,370,365,-0.20884431547487278,0.45193855369594804,1.983148957493394,0.9499533521225157,-1.4446374936108162,0.28148113423776977
365,375,370,-0.3376647518214718,0.4262711137072751,0.9651038182442405,0.7687494880669692,-1.5062302972100523,0.27539378406129134
370,380,375,-0.9740604313673893,0.38620848799302643,0.32919189180108843,0.5802168710965755,-1.6221628817002542,0.27642009630143516
375,385,380,-0.7703516665626267,0.3429921671496584,1.352256989297964,0.6750314140820101,-1.7186946608630005,0.19028922737534304
380,390,385,-0.915460576199603,0.33304719305215646,1.189459131749748,0.654733863505965,-1.8372654327616083,0.26255828028298744
385,395,390,-0.5677537946745588,0.40333381543321756,1.4853982320609163,0.8262889461304311,-1.4303825518421276,0.24871276141972593
390,400,395,-0.20755931419605408,0.44074903585164493,1.4237867458394649,0.8197254226563501,-1.4033601197041974,0.25690126057018703
395,405,400,-0.5332505906387803,0.4673331472335631,1.0652348157563545,0.5437054868432734,-1.4469380587682168,0.48771316033448775
400,410,405,-0.91953728678072,0.5136042928643088,0.5759965343971795,0.582456442430391,-1.7535704675004733,0.49959304944235905
405,415,410,-1.0719595024559743,0.5109009243438596,0.5890595282804597,0.6495990444762018,-1.7629205739589184,0.40838881447920516
410,420,415,-0.8106734288570719,0.45706794702348463,1.0649036826496907,0.6668870539110902,-1.5466537195762962,0.34275501888026927
415,425,420,-0.8503904910919676,0.5015996953430655,1.2233958458538055,0.5889332304823173,-1.5106522731394738,0.4228052247100179
420,430,425,-1.1035910090520753,0.5516028014324809,0.09550410606362184,0.32809315654430726,-1.8191276680159294,0.5717859939279889
425,435,430,-1.4964872908963363,0.5204805821126239,0.8549155414736799,0.6490884304704806,-1.9840317723972911,0.4757050459952529
430,440,435,-1.6535010439304112,0.4930132794627774,0.886932276548806,0.650155257794857,-2.0078576230697096,0.5369559344183987
435,445,440,-1.383429361765797,0.5236245844901898,0.6371715852902872,0.7371635532433318,-1.7923515123881977,0.4703608126692992
440,450,445,-1.0585551690475141,0.5113233911964552,0.5355651845470709,0.6792216210151408,-1.534141937987296,0.38668344339600624
445,455,450,-0.7874307114945905,0.462672991732323,1.0237686037752076,0.7776196477863002,-1.4055503752908312,0.4019576500231672
450,460,455,-0.6111307411836259,0.45018922468134615,1.0278355268011075,0.7489844351337509,-1.376093213818515,0.3192434006323136
455,465,460,-0.6992163591330491,0.4725591371513169,1.2545152357503182,0.7899026385683723,-1.6542546463757546,0.3452854767366359
460,470,465,-0.9199829782845704,0.4787170261187398,1.2935877714362911,0.4990547475817195,-1.8906497032759446,0.45869478004853215
465,475,470,-1.2465718554720495,0.5289494530381909,1.12435274759822,0.5586700777347203,-2.220433084219703,0.475577548700022
470,480,475,-1.7825945180599274,0.6470559136565384,0.6933709561470979,0.6553335515543306,-2.1116300342748042,0.5713329659816729
475,485,480,-1.9308651441434226,0.7264785876794737,1.328960415594827,0.6954863450103146,-3.3615775618145385,0.6831604841192328
480,490,485,-1.3120817154436368,0.6687346441071506,0.7687937526403027,0.7943240246511736,-2.5979309460326565,0.4902114934100843
485,495,490,-1.2795401978430951,0.5004935991272359,0.6673565451236417,0.7468824017137771,-1.5193826756228477,0.2960532966173258
490,500,495,-1.0505031538077616,0.36865061588121806,0.8759767744171155,0.5736200544725524,-1.6158840515044943,0.29038981643167283
495,505,500,-0.5979458040333818,0.3501201973549576,1.0693452358440096,0.6842821314225019,-1.6576793375079562,0.25501651172920003
500,510,505,-0.72572546772249,0.4286264932557067,1.2837123532594743,0.6183342711356177,-1.7480522003273429,0.3636467111319349
505,515,510,-0.7677453249938923,0.43815699056724955,1.090719333901875,0.715768596151936,-1.2566965590934904,0.33898711067702514
510,520,515,-0.6857462092204869,0.3847071875638485,0.47463539951016875,0.5957807872046511,-1.6034915213029526,0.3421043303786052
515,525,520,-0.9365702655219513,0.377272527599538,0.2101551264509666,0.8152062092861776,-1.5860713816896896,0.25567563748285604
520,530,525,-0.9567719310400539,0.3979572264368759,0.7616008500092847,0.7489489337089602,-1.517096340149012,0.305891312742813
525,535,530,-0.6842006808496017,0.5018472365746851,0.6626512023731445,0.7006406115759861,-1.7299255614017905,0.31731126298029433
530,540,535,-0.9129075502733036,0.4626219561137058,0.8430556436298032,0.5353199235474956,-1.8704469467338134,0.34143192773264863
535,545,540,-0.8182297381893252,0.46616236106179,1.5766503119758626,0.3792742191013836,-1.9817245385804962,0.4501509721863638
540,550,545,-0.838022765098461,0.602213512437422,1.0117268008172642,0.5729310887953427,-1.9826613870633454,0.5266357952856751
545,555,550,-1.047539859295625,0.616060837024186,0.9264923289869104,0.6766507396249926,-2.0029205417249205,0.4485371044846036
550,560,555,-0.7098819770373322,0.5436749026294583,0.4726592888653035,0.49275605437442527,-1.5916270163294708,0.40198814283948014
555,565,560,-0.8623237354014682,0.44281893410052087,0.7809829069429403,0.7256154486412041,-1.7347246866695465,0.32443663332868866
560,570,565,-1.4404720247481904,0.3604996927552344,0.910384058625619,0.8230011284426904,-1.8736345167597928,0.25416129164522816
565,575,570,-1.3181437688921929,0.526815656451494,1.3171277204685605,0.67605414330801,-1.8695374826979132,0.4844699465369281
570,580,575,-0.7066902052138023,0.5526186677861952,0.8923633999629476,0.680873489620576,-1.3017098621884478,0.4576289230561271
575,585,580,-0.26833736517434326,0.5077575216144452,1.72801166706027,0.6583268410927614,-1.5570291464542891,0.3613523097552667
580,590,585,0.013218071620211519,0.4244841841733151,1.4587491510784492,0.8241986539324999,-1.2464900287294416,0.3337489526726996
585,595,590,0.05772074367087174,0.4605591440849688,1.2994697004541724,0.6856925983059537,-1.3780146324408664,0.3571178084786091
590,600,595,-0.1597694766546228,0.48531991922577633,1.312347863170102,0.7843561313849334,-1.4485628234815258,0.35082632694188265
595,605,600,-0.7016397601474946,0.38895736429389105,0.8829463655211646,0.795349728531213,-1.7412000040127242,0.3428476082585841
600,610,605,-1.0962312302541453,0.44493452749453466,0.9632397851628675,0.6558964171816595,-2.2563077401471068,0.37711887719666637
605,615,610,-1.0191318786271168,0.47634662809714157,1.5370342431153876,0.6682225921259753,-2.009188345098581,0.293396629678525
610,620,615,-0.9026765491256902,0.43001121086528804,1.5449081418208659,0.5645294427965003,-1.7782051655324536,0.3539153016347138
615,625,620,-0.7655260487030384,0.3777840299172024,1.035673524281136,0.6977332648387055,-1.4666462648223026,0.2965128640082031
620,630,625,-0.9338966765353764,0.3735833653824999,0.011636679461175442,0.4573253056018033,-1.2923403001610552,0.3227201846851082
625,635,630,-1.3020786847956718,0.3810370322889053,0.8992120831745672,0.5755098842477875,-1.745521232533742,0.3000337729809128
630,640,635,-0.9538158688936236,0.4170528725461763,0.45939791466590674,0.6613183715575731,-1.6440172380270723,0.386857108848774
635,645,640,-0.7200213193807453,0.44950388068816916,0.5001418307227673,1.086162862156086,-1.5248549446438062,0.23804462129381593
640,650,645,-1.0287952754595144,0.535456619787428,1.011832034940389,0.5745711304395628,-1.9791079670654623,0.5168463078756261
645,655,650,-1.1215365605216343,0.5675258726582931,0.9792653521077549,0.6151980656599549,-1.8759176998192868,0.47685473406945755
650,660,655,-1.4869294419959618,0.6205722063623962,-0.04659588656341315,0.6449096028346886,-2.313531888590988,0.6111930165273943
655,665,660,-1.9331651741632507,0.6609494593756975,0.12809259581020252,0.7351024293507009,-2.4728315674331895,0.5726774890486631
660,670,665,-1.461277275329819,0.5669575237647845,-0.24906822832197037,0.7414691839889629,-1.740034329540134,0.39460222031615066
665,675,670,-1.295834514951729,0.5119978448136229,-0.20376766246815645,0.7228909266338561,-1.4769732444060106,0.46218944421614416
670,680,675,-1.5775525005527844,0.5592523446475774,0.20811777659661948,0.7239803147248913,-1.9248705813143816,0.4562823757373995
675,685,680,-1.6716729547991875,0.6333903972134656,0.6914729292263645,0.7308220573757893,-1.914663890273726,0.5965578282783139
680,690,685,-1.7782255581412534,0.6128857091663494,0.32069569038550816,0.5710104869632895,-2.6019737467851582,0.6437282813554119
685,695,690,-1.9146974925063163,0.669923749708522,-0.195378821980943,0.6595554467673205,-2.5892508919153268,0.7388494068973437
690,700,695,-2.033983912004244,0.7043507321546825,-0.11128009374456424,0.6747361895274023,-2.4408341827627007,0.6714047924235516
695,705,700,-1.4587914148427148,0.5340038932698468,0.19415716174749656,0.7429842297472938,-1.9193425218654498,0.3314801838411503
700,710,705,-0.4739644944254605,0.4150908743505082,1.41605374203512,0.7583086523146514,-1.1466937883995432,0.2848502900266393
705,715,710,-0.2521287131644856,0.45301424709524385,1.347549973478224,0.6014302385069723,-1.008798834166557,0.42291617642946233
710,720,715,-0.7489148111912285,0.46102905353125945,0.877495292483582,0.17169327914012575,-1.4396609732195407,0.5357859598735512
715,725,720,-0.7244490279098253,0.4336331956643349,1.0279688605815567,0.34178253044105456,-1.2974686586729438,0.4338562613430109
720,730,725,-0.49953532150793956,0.460153270632078,0.46249903079777266,0.5478977010741373,-1.411029388016425,0.4210699838613895
725,735,730,-0.5799783901217146,0.4536665983710396,0.2125983973184963,0.38808569449660835,-1.1062088340351108,0.3910910646576967
730,740,735,-0.6816176422591028,0.4704774417152554,0.6865640703320507,0.48352549147841495,-1.5288154894633044,0.36979518801290967
735,745,740,-0.750303421144053,0.5023532426650299,0.23316308728930882,0.38752738006623333,-1.6002138247320887,0.5099837310092032
740,750,745,-1.1077798537810908,0.6287077265276634,0.33926666841688136,0.5491572404495945,-1.6026473833731465,0.6336400412935868
745,755,750,-0.6505319396438308,0.6755693696328414,0.9513772513919837,0.7649247360883676,-1.821668615463088,0.6191029633938907
750,760,755,0.39245911376759557,0.6697125436602269,2.2397267690945752,0.8945558593156507,-1.9786208587527805,0.5486198164466749
755,765,760,-0.010707853687497992,0.6356181457247617,1.870342379630779,0.6902820009347703,-1.601255079324526,0.5963770456035411
760,770,765,-0.917456223086033,0.7480669252461842,0.7041762949881295,0.7239734668703552,-1.604722401829699,0.7581709339817125
765,775,770,-1.1056675099359556,0.6973110212643825,0.9791718967337105,0.5468883731577626,-2.110103658758874,0.8800110560465702
770,780,775,-1.3427157239271863,0.6353206121016961,0.6969447665342144,0.33766893744019455,-2.6432771501278025,0.8525975781903473
775,785,780,-1.6397585730097732,0.7815663572643156,0.4493371883118612,0.5863828747599222,-2.5711099931869335,0.9523349408255116
780,790,785,-1.1589185695137496,0.7906656568323549,0.7164837759272414,0.6101279717290667,-1.8363854022345494,0.791012650133679
785,795,790,-0.9111831253597701,0.7086790865408577,1.6092323197804934,0.5776110740513501,-2.0325236455783506,0.6902834750122924
790,800,795,-0.7655532285774652,0.7430104305545717,1.4280445774022479,0.7506173176007586,-1.74839642742539,0.6841416628065256
795,805,800,-0.7209139395354367,0.6589750307290473,0.8787452624074482,0.9043794597488058,-1.7126993507526431,0.4159565811731134
800,810,805,-0.6012458781537676,0.5543508149026645,0.6625062998058265,0.7458679830172075,-1.7134347268035448,0.4469074487087339
805,815,810,-0.39880413021169103,0.5331622671257784,1.123587547474539,0.7516161963966754,-1.6344179505615637,0.42711103672883555
810,820,815,-0.5011473210543047,0.5188128602073813,1.7709049556664154,0.6988054330620092,-1.6746039698639614,0.3888258089237734
815,825,820,-0.8383622191268262,0.5302671167505367,1.032086311194252,0.6084861271102662,-2.003525285222942,0.4683717019183795
820,830,825,-1.213299238954457,0.5175016391045254,0.9782584475209705,0.6499298694419587,-2.1308872653305793,0.4741262549482934
825,835,830,-1.4191744538902864,0.5208987838244408,1.2639399402506049,0.7714756713393891,-2.2757978711715183,0.38196248455568227
830,840,835,-1.7477451066557739,0.5510542090840114,1.0643145947409576,0.8129643445995545,-2.4260128296855585,0.4286050292331943
835,845,840,-1.684969958161432,0.5270814612122927,0.48359597155861767,0.6373717707827394,-2.5309146675725036,0.43931169706333617
840,850,845,-1.6087394462592817,0.5133672678778324,0.6086556140574845,0.604067794782384,-2.2980375264143946,0.399643348101285
845,855,850,-1.8994550916843742,0.5172737487949034,0.0981855749369355,0.6069380366420267,-2.574575674479636,0.4956986594261348
850,860,855,-1.8992361172777634,0.45678919643955374,-0.102620724110951,0.6600856130675727,-2.5240085009056514,0.41656181798578173
855,865,860,-2.008039711329336,0.5180989698088139,-0.36583714225537844,0.6522954432689841,-2.3402034270781393,0.40276593745579137
860,870,865,-2.204577824986367,0.5657063051631867,0.31840382420660174,0.7688351850029737,-2.699477521069992,0.6036467040454165
865,875,870,-1.7448512061923123,0.5204747343906334,0.39319929947282695,0.7103422496704912,-1.990599964629937,0.42536240195983577
870,880,875,-1.692343520475302,0.53825232552917,0.9590909835860323,0.7531975349214077,-2.1579636628387053,0.38057319227768693
875,885,880,-1.790635005631758,0.5304206669752861,0.6772811620595954,0.7460942228069852,-2.243500635283297,0.36701645640664216
880,890,885,-1.5819613336100045,0.4416166179992991,0.37766511124597535,0.7430296950206576,-2.0830372760772926,0.30421014552953796
885,895,890,-0.73034765158603,0.3835880856562297,1.2546721071598117,0.3823685048683574,-1.6809705152719148,0.35497553768855594
890,900,895,-0.5840872213654162,0.3803778473137931,0.5752769581339502,0.6428526539452445,-1.3866656476851433,0.3304549930741546
895,905,900,-0.7533346407826355,0.3872815200589419,0.5524253435187646,0.7541536994449137,-1.4563266765897036,0.23445186520332725
900,910,905,-0.5353249349944643,0.4759081744422492,0.5430277111567362,0.8627251966911418,-1.29747037841284,0.23881946563353604
905,915,910,-0.06472339004299241,0.4880920949744606,2.1492938605594802,0.9105592257657898,-1.5071801315822229,0.3481211789919475
910,920,915,0.19299787858511,0.4403797765223366,2.399321347756011,0.7331946422470544,-1.4388058536584127,0.38664986645214594
915,925,920,-0.8860929427956367,0.4284446649305165,1.554542141136394,0.7084259353273143,-1.8455355129205393,0.4262972382519671
920,930,925,-1.0754547269049697,0.4980576869095765,0.9284719887371345,0.8107937459303564,-1.7071230512584,0.37309037271754786
925,935,930,-0.89548082822839,0.5164891576264877,1.200399854304887,0.6441275940442885,-2.0124648695796137,0.40162005903327724
930,940,935,-1.3742446754065956,0.549077694560274,0.5848567672178498,0.7049032699151475,-2.1482589607137523,0.522297226301031
935,945,940,-1.4067554446699375,0.5892419030555747,0.7851358430787495,0.7047156665786283,-2.2818522989688774,0.4910009424320132
940,950,945,-0.8578618390033833,0.4411788474514824,0.7071150106735972,0.7559784573448832,-1.765180492342231,0.37224712291741824
945,955,950,-0.7482464039512392,0.43202811965799814,0.8829110719562895,0.6744026681298786,-1.652368994275071,0.42067659008430947
950,960,955,-1.0610792464905239,0.6117423806212657,1.047952671205977,0.5238165184803105,-1.8162837111099532,0.5140113996717801
955,965,960,-0.7908501134035494,0.613741476706978,1.0778300939128656,0.7827326016037781,-1.4416606509199281,0.41112553964765497
960,970,965,-0.5179599583407135,0.4944319168643767,1.3784218441714182,0.6167666135901382,-1.6271270222008332,0.42630831387821577
965,975,970,-0.13791048338409692,0.5140107475757066,1.57547888464921,0.8526214304357466,-1.2889562985690273,0.3575128531956985
970,980,975,-0.6109459084810335,0.5682637852104276,1.1806420850983292,0.8730333499154195,-1.7961616218943022,0.37559089977925
975,985,980,-0.9378361192931015,0.5683220286438068,0.7050969038859952,0.7244422140805307,-2.0714120875229267,0.5083273905247749
980,990,985,-0.9335309340920993,0.5136515392309191,1.4802549665635287,0.7823521907250327,-1.7385950989791494,0.4865660796036776
985,995,990,-1.5389591367711017,0.5064410917206712,1.7644837570728003,0.43636021925111534,-2.3998210254075687,0.4944742855712393
990,1000,995,-2.3837080689148804,0.5255454776968246,0.1737499696349,0.6448645762172801,-2.6808894239414496,0.5577485802522962
995,1005,1000,-1.7465036789503878,0.5997392667617997,-0.13327837216664315,0.7592660002712389,-2.3569801711507576,0.5448265174976512
1000,1010,1005,-0.9550222961535527,0.6233613297752187,0.5531756426015703,0.6515427823001363,-2.2144651986831168,0.5977463933949377
1005,1015,1010,-0.926607533053131,0.5692012719675117,0.24294728307195537,0.8116311264245939,-1.9513650300302021,0.4899003020319699
1010,1020,1015,-1.01080481309582,0.47829531337791176,0.16105707256809568,0.637293735181279,-1.9177857293906293,0.42402937367613136
1015,1025,1020,-0.5106543831603376,0.46682563091612306,0.957199927505683,0.7213633837478247,-1.5620658869054782,0.3261311413732293
1020,1030,1025,-0.5042843743259439,0.40290236813777336,1.0067358804380195,0.8696706450357918,-1.1498230162478544,0.27755672031470513
1025,1035,1030,-0.483943283442432,0.3652787900007619,0.7848713109649267,0.7267691814145902,-1.2334757496346938,0.2927784252651688
1030,1040,1035,-0.3784459866574258,0.4175642385813939,0.9046738753366897,0.9413649910692888,-1.0283349263199033,0.4070243908513259
1035,1045,1040,-0.6182900799426579,0.4676461423370559,1.29012432062783,0.694665975184789,-1.7923199426752712,0.34666913169863356
1040,1050,1045,-1.0590620679717129,0.4999645852692338,0.9578137144913367,0.5996703464608695,-2.0505593752864235,0.4149923206777498
1045,1055,1050,-1.626574965067642,0.5567187612460021,0.3585429560415526,0.6509958708878131,-2.3125100337947044,0.5358938512538809
1050,1060,1055,-2.0526509792738783,0.5694478630287305,0.2589946475870052,0.8149364983974349,-2.41377039233048,0.5015673211071922
1055,1065,1060,-1.523779017906399,0.5775311779937815,0.004417880731831941,0.7168404987791084,-1.9334392431806453,0.5608123831400987
1060,1070,1065,-1.030399160146041,0.5380007967321119,0.27547058602283336,0.6917006616075464,-2.108015150822968,0.4475860451648097
1065,1075,1070,-0.8232144781783274,0.458846634707035,1.6292230737371691,0.8110383889056255,-1.757991227544219,0.45112937458628044
1070,1080,1075,-0.45748072529510686,0.42860118931382984,0.7595861987438971,0.6741828033735618,-1.5436803452033783,0.37431623037228023
1075,1085,1080,-0.654186383905009,0.43081674250691804,1.222180653301707,0.600568112613292,-1.654284366397922,0.42616985965642507
1080,1090,1085,-0.7477967738186877,0.3916900563915242,0.02257326609132418,0.5810287299530992,-1.194195539906848,0.4753597134625005
1085,1095,1090,-0.28510785018093543,0.443418463597388,0.6636762025130872,0.6652733070574318,-1.434632003639288,0.44941540755517806
1090,1100,1095,-0.8635519188355447,0.5698983789637222,0.37340949032539095,0.7137479556550705,-1.9811391459850398,0.5002291091610132
1095,1105,1100,-1.6796510525150778,0.5808992629956127,0.49851755445389856,0.6544362521520037,-2.482937807174092,0.5342213475894935
1100,1110,1105,-1.3055771726235268,0.5043793378236582,0.6562513701974023,0.5518021823584303,-1.8049487146917718,0.38500570026407177
1105,1115,1110,-0.9179383789756516,0.45448412254784654,0.21327395688049058,0.5956946785060013,-1.5456744115197572,0.3379147819614994
1110,1120,1115,-0.7470347124285412,0.4319471360250694,0.3241565809328951,0.6578342100787667,-1.621940965907609,0.23484072042106963
1115,1125,1120,-0.9265050122514958,0.3601802932749163,0.8387381753032429,0.5869216423345002,-1.505567250985647,0.2706154882639818
1120,1130,1125,-1.1100905937298966,0.3945937514532861,1.1524934489902086,0.6995786623522279,-1.6186574893302097,0.32130747697951983
1125,1135,1130,-1.2164479629890217,0.476160464302386,0.8651766158975248,0.7738649584792496,-2.0073886981761215,0.3776138384414347
1130,1140,1135,-1.332925190248425,0.4704655969672913,0.5296554756393773,0.9459514377224354,-1.905239554698359,0.27441247577760297
1135,1145,1140,-1.0861089753788578,0.40755389161848155,0.5132747952805295,0.7174583995444954,-1.4659280780175432,0.22279395492225065
1140,1150,1145,-0.8862417507119364,0.41201332001346547,0.8302983170987389,0.5710951421526693,-1.7196367549933635,0.3257769261550721
1145,1155,1150,-0.8388176184755347,0.4045587034699347,0.016099469404357386,0.17483645173929546,-1.4252000811260952,0.48736733115337916
1150,1160,1155,-0.728421254380535,0.38911402452641064,1.0009466647152352,0.3491631331320433,-1.336007074491768,0.3525795444508276
1155,1165,1160,-0.8467341297260927,0.40249339763962577,0.1265303692732004,0.5066880995021333,-1.2927920260923063,0.4256387968730919
1160,1170,1165,-0.8972992914898266,0.45464995646677897,0.5657742145843542,0.44102656511509564,-1.7718488710719702,0.38477193262454423
1165,1175,1170,-0.6751596554062481,0.5002750298782059,1.0810184898990116,0.6294322559418355,-1.6086265761077778,0.45273570172209343
1170,1180,1175,-0.612719277728865,0.47191693900359855,1.0661612069571744,0.5699726381340975,-1.5502456105593094,0.4531702217750987
1175,1185,1180,-0.6849678817790646,0.39603912800215757,1.6099854407545877,0.6235296338345735,-1.715885202166312,0.33854565125916314
1180,1190,1185,-0.6337720290762243,0.41738413834686305,0.5300023564080948,0.404417692600765,-1.3232452220942432,0.4190406730879588
1185,1195,1190,-0.7033604775188441,0.4532316981715341,0.7257897759367317,0.772738743791191,-1.6324135878401396,0.3576054850507966
1190,1200,1195,-0.4998911321347098,0.4733329403810368,1.0412898495923597,0.7570858128698688,-1.5997497390224988,0.36617641981451343
1195,1205,1200,-0.41229569267311783,0.5068779427032292,0.9405098534754274,0.8478610517909375,-1.5447294552274782,0.2835743984526777
1200,1210,1205,-0.7176810167018293,0.3925007151135521,0.6963530370748788,0.5993433267506655,-1.3653313468441117,0.2702915701004748
1205,1215,1210,-0.849908271618518,0.38615955077421416,1.4090690979722456,0.5669892687386504,-1.6763569185216676,0.31716487801797916
1210,1220,1215,-1.3750619996355404,0.5744065208856399,1.0426687980878215,0.6337939182286795,-2.582652857307674,0.5915351496813568
1215,1225,1220,-1.7740212416231713,0.5797684845328748,0.18058032170406038,0.8557609829321746,-2.3860499965330444,0.49935054822190117
1220,1230,1225,-1.5145544960799355,0.566135668192829,0.3741848627659784,0.7147562414147761,-2.1931988954127464,0.5656479159940495
1225,1235,1230,-1.474882272413495,0.4978298880791725,0.43130014759155577,0.7457729074809423,-1.850841112799216,0.4441793989418402
1230,1240,1235,-1.127903936980333,0.4362695450255508,0.10989238803634574,0.6432826949598864,-1.4167614935099204,0.44271741123842956
1235,1245,1240,-0.7989227598838654,0.37854830445361054,0.33548504153932346,0.47966686027461525,-1.4893196396532191,0.39547084131789156
1240,1250,1245,-0.7929029719694853,0.32636939827088074,0.1905689672775527,0.49637847561937665,-1.4972100781284912,0.29429434409555577
1245,1255,1250,-0.20263511405908904,0.39239999735463293,0.9987677988976446,0.65661341596459,-1.2053593158134583,0.3064250045294423
1250,1260,1255,0.1635273850050636,0.5328176857115998,1.9009146909949617,0.6685259343816268,-1.40688274981899,0.5368973339941857
1255,1265,1260,-0.36805524410710033,0.5884666359853231,1.5161571682352752,0.8168802806917188,-1.6342697801991766,0.49820890112184957
1260,1270,1265,-0.7747742799772377,0.6029224274560249,2.1153054423398596,0.7492746324401175,-1.8466388382192451,0.5041204028994244
1265,1275,1270,-1.3179758927137106,0.646578404716455,0.697416124807544,0.6139848165709393,-2.309188983490796,0.6597369791751742
1270,1280,1275,-1.4132536628566634,0.6505037047075657,1.063369084442409,0.543041378218654,-2.205669684480906,0.7173215728876253
1275,1285,1280,-1.618350907683196,0.5944154355941174,0.9066621250175052,0.40066441577896084,-2.072663328200358,0.6564050693496101
1280,1290,1285,-1.8058096625753366,0.6767573868579654,1.2842597370904543,0.8206264694240331,-2.6088420099736083,0.7116600702928437
1285,1295,1290,-1.7821191873405535,0.5944817431926344,0.2324337977268031,0.9138674453138984,-2.156087448731833,0.44311475228517094
1290,1300,1295,-1.5745169525532663,0.5547879237464741,0.37389191871464755,0.5713268472298545,-2.1714957733414106,0.5337963142141849
1295,1305,1300,-1.0120458159025503,0.5300009575669182,0.6692253976212518,0.48641974085645867,-1.5454160420052383,0.48494868470601804
1300,1310,1305,-0.6679430957500804,0.5858778120914603,1.7750185934644735,0.6879086547690103,-1.9410815590155244,0.589311506464612
1305,1315,1310,-0.8897201874091033,0.6189557717198582,1.712460500078254,0.6482301664920328,-2.2182249765473805,0.5980270980891014
1310,1320,1315,-1.254170365790754,0.534788870771592,0.5122656217714386,0.43944990309153764,-1.9177132493887108,0.5700748516882699
1315,1325,1320,-1.7107815809724884,0.671147040000915,0.7411813736227603,0.5379155424970364,-2.3582142934962924,0.7100921059579407
1320,1330,1325,-1.7189532731889157,0.6709330068898766,0.4504096587588601,0.6889785587754346,-2.658007596807661,0.6757823235524654
1325,1335,1330,-1.6795764775702808,0.5903782190077488,0.4181821342288875,0.5830902426007797,-2.3831552879735303,0.5610764490018253
1330,1340,1335,-1.461768762534638,0.5610078559142357,0.08737051219696249,0.45935351884256315,-1.359461453059007,0.4525836373814218
1335,1345,1340,-1.2898513848522526,0.5596956185210278,0.6830431801937618,0.5239667190227228,-1.7801003451012136,0.5242360981602202
1340,1350,1345,-1.4728930045156126,0.6152598285106508,0.1419341670243616,0.6040359275649034,-2.3756339792954293,0.6046068505872856
1345,1355,1350,-1.0435163687170352,0.5316402560269156,-0.2939369276509546,0.7952132772099749,-1.9073666742815254,0.3408182541279743
1350,1360,1355,-0.7885017398390888,0.4499774172895994,0.504783858826639,0.7043270270642978,-1.731763760148036,0.35811048079532093
1355,1365,1360,-0.8501998251374908,0.45582270616011633,0.6221706801708414,0.6689555325282431,-1.469962011737041,0.3778111410111846
1360,1370,1365,-0.743384567341428,0.45850192226765174,0.6214888941703595,0.5605577138045735,-1.6636852328917926,0.3201679333257864
1365,1375,1370,-0.36883015813603237,0.4634014120311416,1.6088928629710486,0.7153648262407768,-2.0971962190694358,0.3681902726620766
1370,1380,1375,-0.48609627743163486,0.42066646133206986,0.7580046768576395,0.6243797617862743,-1.6472806384547984,0.31348412194778885
1375,1385,1380,-0.7006615216131638,0.42952299342589473,0.3718811031512942,0.4712675234464675,-1.4550529757425938,0.3355539210193501
1380,1390,1385,-0.49422064173439795,0.4072141690763763,0.9889709228227451,0.5281429213015032,-1.609517007729343,0.4252645090758158
1385,1395,1390,-0.5696748490920095,0.4076786559133365,1.240590432310203,0.5522450749235362,-1.8034065076679593,0.36874672493721106
1390,1400,1395,-0.9131210760208415,0.3505344265008281,0.6475543349951348,0.6141773646160156,-1.6520791505524495,0.2322565910287019
1395,1405,1400,-1.0695769857136854,0.3238230641933387,0.12145978198698751,0.5685438075803381,-1.62533479536979,0.2519213841267958
1400,1410,1405,-0.8938620867517907,0.42091022046666926,1.2773041739483888,0.7060639856647997,-1.7884602778804954,0.3135186499236986
1405,1415,1410,-0.5724973875802014,0.4705782770090575,0.9036962861281289,0.6297124044144653,-1.4588941484520963,0.4359957114639369
1410,1420,1415,-0.913410984738756,0.5156822786354824,0.42233130467083513,0.8031647320052082,-1.7645930299371113,0.4988262201471372
1415,1425,1420,-0.8833296564856085,0.5435877474794786,0.45571165586711226,0.7553155023707312,-1.8532245706702302,0.4246246698446128
1420,1430,1425,-0.9483441814486289,0.5893974413855062,0.40914112902822997,0.8103617737446478,-1.7430142917747704,0.5233743376227512
1425,1435,1430,-1.4186634880685365,0.6262986074636756,1.1043349211106341,0.8236867145477776,-2.169476503728665,0.534320151263488
1430,1440,1435,-1.521799665472266,0.6539472804965341,1.5073724834939914,0.8026295497248146,-2.181051275200819,0.547545456744824
1435,1445,1440,-1.6355791833047917,0.6254567629790065,0.8910205753485579,0.7265389708180031,-2.0378517000778738,0.4998151854793239
1440,1450,1445,-1.3034839141431618,0.5174289241318993,0.6591716990945514,0.5997712703104773,-1.798101804986633,0.4349585987804212
1445,1455,1450,-0.4624609045420416,0.43797171711113125,1.2703849627177617,0.7624724439785744,-1.479712256573994,0.2552137134286987
1450,1460,1455,-0.31496059570884194,0.441366161282848,0.9413896110242482,0.7399203831302151,-1.6440385790404632,0.24785411271886518
1455,1465,1460,-0.4311995842465317,0.472765402010648,1.037153914203459,0.6505661589319779,-1.4836722463423786,0.5435439243322447
1460,1470,1465,-0.7021813442177196,0.5116284021741802,1.1094958982952647,0.6794875099668363,-1.4790769695557164,0.4630406890538695
1465,1475,1470,-1.0402758903914062,0.4856712039691071,0.7906074704349261,0.6426863176328951,-1.3453403271413071,0.371659792712278
1470,1480,1475,-0.790692647614495,0.40531605500552437,0.4990946742509218,0.6671120162408426,-1.3560517807026244,0.3174020525208865
1475,1485,1480,-1.0103304056777855,0.40602513093528847,0.3661932898061636,0.6470351199874878,-1.6947593600680049,0.35870081019351147
1480,1490,1485,-1.0730620460307627,0.388082351285264,-0.03100259066588537,0.6168655316395435,-1.5372391581861236,0.3534486867054347
1485,1495,1490,-0.677154528613049,0.3539106781694976,0.5328272432163513,0.6612860204672897,-1.2166703181677863,0.2606260162485494
1490,1500,1495,-0.517967009494838,0.38661720453465864,0.759032940800538,0.5243551876521446,-1.1209869930078382,0.45775437952502795
1495,1505,1500,-0.5644402871202261,0.4367691200986583,0.30512311871819453,0.5353699810470804,-1.26486953984668,0.3776062373955894
1500,1510,1505,-0.9933706636961511,0.4394790041962079,0.47109012923936733,0.6091305919141045,-1.5847092938886427,0.3445123278580081
1505,1515,1510,-1.3568704616837055,0.5098341113116256,1.6087692097598283,0.6566674817372248,-1.9897334190753992,0.4326803104668513
1510,1520,1515,-1.6430054394286582,0.5815332644252164,0.09167444363203994,0.7888659266866417,-2.1131157900115203,0.44814095284858035
1515,1525,1520,-1.3573889487629363,0.52267299269731,-0.1807469152463038,0.7307427223726842,-1.8648416745000667,0.3150939607540859
1520,1530,1525,-0.7720181564008075,0.40426012844400605,0.5755810664263751,0.6092347777218374,-1.4720706624202584,0.352777432823153
1525,1535,1530,-0.6470129987798768,0.4111365267602003,0.36952616805260086,0.5714012323230157,-1.1812019875004178,0.2958715712478946
1530,1540,1535,-0.0787635337430396,0.5770320674393367,0.870360662128893,0.8385795726292637,-0.9766424199231994,0.3627511454545962
1535,1545,1540,-0.09965749408837571,0.5772415093531814,1.612178278488135,0.7591224311935747,-1.8809767435035791,0.5293935680543048
1540,1550,1545,-0.4293698012610273,0.4931832941835971,1.8272248291300148,0.7467992025875229,-1.5088631868822553,0.4249859098908494
1545,1555,1550,-0.20436085105378174,0.5336601214417689,2.8307981620143687,0.7415765442063161,-1.7624805310363223,0.5469314215548055
1550,1560,1555,-0.32713248342547263,0.5314017076071265,1.3708254163168927,0.7662095328553261,-1.4723627547790539,0.4072648000748935
1555,1565,1560,-0.694874658225816,0.4919036313596764,0.12825553634244238,0.690077580220653,-1.3323594516326198,0.3135680002513097
1560,1570,1565,-0.6580127145589671,0.495646430184996,0.45868683549102196,0.5560818923943046,-1.5834048295287286,0.4026373135189224
1565,1575,1570,-0.5791768742725492,0.5173466033859017,0.9390892716075828,0.7433353898263275,-1.8165881088886457,0.5313040775418779
1570,1580,1575,-0.6614879517087496,0.5200700242448625,1.6143656475766726,0.7615031651288734,-1.7932873611331481,0.5064913968345769
1575,1585,1580,-0.3345152883317333,0.5064770100439983,0.7982026343713283,0.7040658536418837,-1.492132210446223,0.37952222878671726
1580,1590,1585,-0.4759923234107444,0.4424160488853289,0.689149531384449,0.7958276068930341,-1.170098479518266,0.33229693788050946
1585,1595,1590,-0.9927192202703513,0.3991369469101578,0.5404992140194992,0.7339251581507019,-1.3199921840655162,0.2494410466310931
1590,1600,1595,-1.078974255456963,0.3949608808987386,0.9712733094973826,0.47819838224049216,-1.5891481306396789,0.38945146627641003
1595,1605,1600,-0.4020089496942461,0.40935561667272147,1.4478069329737604,0.575311150296772,-1.3416652314964341,0.26072072109492184
1600,1610,1605,-0.4663591245737764,0.3931266791952328,1.1597343587297066,0.5231937618627807,-1.3879279083648575,0.33779342631517384
1605,1615,1610,-0.716320833158078,0.41599416452047233,0.9104424602411817,0.5070802505079808,-1.5509627658204432,0.3586080856886883
1610,1620,1615,-0.41604549043799544,0.4930523594480476,1.1721790888789705,0.6746715979986752,-1.8969666946096848,0.3845946303160529
1615,1625,1620,-0.6164747142006538,0.5284052663810198,0.7762354237994057,0.5492900882107247,-2.0644621057216495,0.46345623619171517
1620,1630,1625,-1.1920658686421355,0.5878986510358686,1.2637749716727102,0.6198425802597528,-2.282711683916511,0.5309487764150241
1625,1635,1630,-1.165953745813306,0.6597829579329211,1.1710333595273905,0.6111773285236585,-2.4454742978314847,0.6483682476425706
1630,1640,1635,-1.1781117222768354,0.5434316298890097,0.24874537081748663,0.6284493942885203,-1.6650629932956613,0.48232855378152506
1635,1645,1640,-1.6837284657847575,0.36086814924653887,0.0011318686734632932,0.5672084519687282,-1.946219606571861,0.31760182394983993
1640,1650,1645,-1.0593737355417847,0.45092119575917533,0.8488117517668715,0.45391609868207494,-2.12617702775417,0.45256039374590495
1645,1655,1650,-0.7479923882574443,0.5166182250735636,0.925190329589033,0.7060792812069778,-2.2970767047281884,0.48529683857363104
1650,1660,1655,-1.19705595596559,0.4751231509969813,1.435419933743729,0.5532071268306562,-2.2934150490756915,0.4397392462024461
1655,1665,1660,-1.285690489488055,0.5037649722352032,0.9024935695918593,0.4109966527409942,-2.460535430509471,0.4867596904252407
1660,1670,1665,-1.460626286411418,0.6203259417397482,0.4773649745894296,0.4496198535334781,-2.2507801014918405,0.5966749169962126
1665,1675,1670,-1.0589621663052973,0.594021172962964,0.8417605322938301,0.607582591426323,-1.6373774598351702,0.4473064939743525
1670,1680,1675,-0.7395149578825199,0.5398506117990794,1.234611496261811,0.5915022260713338,-1.866095005109369,0.40284663967881695
1675,1685,1680,-1.2103327831644863,0.6137940935891449,1.3876964556313138,0.5488585463116294,-2.7772301160333344,0.6200448298942118
1680,1690,1685,-1.6897993880218196,0.6565040380065434,0.8936541349126931,0.8342558855135678,-2.3031216206118597,0.5267793301819308
1685,1695,1690,-1.876454914175101,0.6851587016556591,0.6468708287319032,0.9745262583357173,-2.7124713710868056,0.5179869438832378
1690,1700,1695,-2.132765239201582,0.7018189011479287,-0.16447992605648074,0.8626930280871802,-2.9097506526603887,0.5879510779062885
1695,1705,1700,-2.4994962931589,0.6140186999642947,-0.5407542551817829,0.6927505097170789,-2.6679047516048087,0.6095516839607841
1700,1710,1705,-1.7425245520746908,0.6471747822548722,-0.5827386228862989,0.5916784814858755,-2.205530565595117,0.6464108362449223
1705,1715,1710,-1.261816003334649,0.4886323233813381,0.5597777455209171,0.60185453161829,-2.087268935846094,0.420197221470466
1710,1720,1715,-1.008040655434959,0.38709612200802157,0.8153801091377763,0.4489460837826178,-1.8653828803584331,0.43288149646213614
1715,1725,1720,-0.7597814691998803,0.4604600991864439,0.8327273988774341,0.5722509585399246,-1.533492901805909,0.4055385829866114
1720,1730,1725,-0.44203165941127964,0.504698867964622,1.3652565800027976,0.862314247612292,-1.5723923393473602,0.46674385681083463
1725,1735,1730,-0.31154675783550956,0.5713905444889998,1.4734908027833604,0.790324434594686,-1.6288698412475053,0.5173314886243733
1730,1740,1735,-0.7790697060253859,0.5641153509041865,0.9247893529106485,0.7994598544070892,-1.9240045589884256,0.43177960767212653
1735,1745,1740,-1.3428895086301713,0.5417503594630446,0.18541982759930412,0.7613659616661987,-1.8631173862553891,0.3549154995347278
1740,1750,1745,-1.2750370881564652,0.6027927690287821,0.16255236316806135,0.7582975500721987,-1.8139278798972265,0.39491250716153814
1745,1755,1750,-1.1662487148553273,0.544111690353269,0.7901911237611415,0.7040600882168337,-1.847863070501197,0.5938181405041858
1750,1760,1755,-0.6644381992591031,0.5270694420416576,1.4893415920776694,0.5626061539693576,-1.8853702939202186,0.5443801763259627
1755,1765,1760,-0.8304023683753731,0.5728900638653655,1.0393203491603522,0.5732542831260268,-2.199463000038504,0.5315288990983612
1760,1770,1765,-1.334528198216581,0.6200116272706631,0.9221949704172839,0.5552968679941083,-2.69288190713599,0.6476849466373946
1765,1775,1770,-1.9111678436551809,0.7827641602494869,1.1789244278670472,0.5716572589249201,-3.503926860811199,0.8950833593543349
1770,1780,1775,-2.4330481116602405,0.7587345299879522,0.6177568998538833,0.7195146079616397,-3.8989771747984747,0.7768850323379497
1775,1785,1780,-1.7735137164057988,0.5635427685062604,0.23572003316997417,0.8239505881425468,-2.072378850901312,0.4100716329827683
1780,1790,1785,-1.1286334479005515,0.47414485300740683,1.0774316434551097,0.6893029360611693,-1.6700791348790227,0.3401252140152906
1785,1795,1790,-0.6551713548929167,0.42007091406855446,0.4644022970160472,0.7064456138175634,-1.422890326229066,0.2698545141453655
1790,1800,1795,-0.2974271259927333,0.3957499326869439,1.4693206791036346,0.9900601764902713,-1.25687035066155,0.18976759050811626
1795,1805,1800,-0.5773766225863214,0.46249899929898364,1.0682583124846492,0.543706512747631,-1.5891192320138368,0.3363722881585726
1800,1810,1805,-1.164177664783785,0.6159236247666476,1.0011476591852801,0.7025845214196528,-2.4513835478468136,0.46722235900884657
1805,1815,1810,-1.956695882042047,0.7933911365120256,1.1346672049882074,0.7201507360375645,-3.0524608574459497,0.8193601265585361
1810,1820,1815,-2.670811088289514,0.9722280090349007,0.9133644456212854,0.6691080353121391,-4.174649108007828,1.0783102669557647
1815,1825,1820,-2.3900420490019063,0.8819936676652137,-0.017669240210410248,0.6460098162851343,-3.315581380988793,0.9315051688967786
1820,1830,1825,-1.3536195321922102,0.6900426356562492,0.2161013264089672,0.8091989923800519,-1.3834528077287187,0.5330010505033809
1825,1835,1830,-0.5550620170774796,0.5801201733527866,0.6945941387772897,0.8018303180539195,-1.647155286949658,0.44471865239829034
1830,1840,1835,-0.5910118983638748,0.47689336237625435,1.3975592057276185,0.7134091985366129,-1.7236636122140248,0.4217236406681165
1835,1845,1840,-1.1382885096164226,0.44052725237253954,1.2973735100444568,0.4396205554384881,-2.1838071759695152,0.3888809693728378
1840,1850,1845,-1.5152320398622205,0.5493824460867709,-0.13256533897760034,0.5704857972799569,-1.856219244361795,0.4679797732672074
1845,1855,1850,-2.0647554904978,0.6213758394152517,-0.23700864544854192,0.8691571366844898,-2.3811815318580023,0.5417567824191318
1850,1860,1855,-1.6410667745146166,0.5938500216381498,-0.17310302337937586,0.7037917869623169,-2.1026214534939687,0.5179265672055474
1855,1865,1860,-0.9659669000323332,0.4211211978113336,0.37279006458926733,0.4518308835753704,-1.27386313957047,0.4304112774441984
1860,1870,1865,-1.048766054256136,0.40622102586444175,0.511779214673281,0.4008612674432206,-1.939416465622084,0.5764455409937164
1865,1875,1870,-0.6412013236729032,0.3220800017026615,1.3734187755173974,0.7817691643113803,-1.141049827811551,0.1501142869715113
1870,1880,1875,0.03387119386143969,0.30020348968438704,1.2217040033168003,0.8866720406717957,-0.7118880532617554,0.04098353079427772
1875,1885,1880,0.03983962099025942,0.33461829741941806,1.1390181933053902,0.9686283490445247,-0.32303910762723864,0.11143915363493898
1880,1890,1885,-0.021673602913618,0.35628179015478617,1.9610893014453217,1.0434679333298178,-0.9393223011057438,0.15010565193841274
1885,1895,1890,-0.39797328362252793,0.46148454925903015,0.9541583056415571,0.8815638314936839,-1.5783327712082136,0.34883833390148455
1890,1900,1895,-0.7256185096153542,0.47109028580116485,1.3606972462299485,1.0130093018296524,-1.3883462295355395,0.2798870473098889
1895,1905,1900,-0.6986943672700129,0.40782674206447156,1.8038365913544125,0.8232298286618625,-1.5210047647824594,0.21858166144474894
1900,1910,1905,-0.9142677053009989,0.45282636159079104,0.7836899888819376,0.7092567696595797,-1.7307472525364223,0.2760220005330444
1905,1915,1910,-0.8421378108187856,0.5004512971893148,1.0430909589507869,0.8333899338778163,-1.5264365445977537,0.35838122106074244
1910,1920,1915,-0.5481007243093039,0.4485201764784451,1.1974635757439829,0.7628712944498228,-1.391993140265961,0.3796310935929945
1915,1925,1920,-0.3905638433901747,0.4102472827193533,0.46062835227671706,0.9315602323750493,-1.3318809107400649,0.22257867498347278
1920,1930,1925,-0.4284342447032755,0.43025247204834616,1.254125797145141,1.0161029064440963,-1.6775653905044106,0.32472768916980466
1925,1935,1930,-0.7469996441100077,0.4486843805295593,1.299369930145749,0.9715583455921838,-1.638882941961405,0.3092776621148331
1930,1940,1935,-0.8204073367310291,0.4930063159918724,0.4119027485590322,0.8611398502093366,-1.7464432645894887,0.40417497416079295
1935,1945,1940,-0.7633861256696908,0.5500932572330017,0.6352855275785939,0.7868308949405303,-1.849105802693639,0.4677634876324047
1940,1950,1945,-0.8832014826518192,0.6236805916552367,1.622254862502607,0.9062052719072909,-2.006644658701442,0.5170854197625169
1945,1955,1950,-1.141227048527036,0.5856459696817662,1.0693491066783785,0.7795874595987246,-1.938264513507027,0.34139301579166187
1950,1960,1955,-1.1981006690847835,0.46293710643035135,0.1735448452286971,0.8139467474538927,-1.4178374058175394,0.2547511152070191
1955,1965,1960,-1.138199295860674,0.3740363179167919,0.6388247913343329,0.4812828235340757,-1.5583243532677151,0.3384636691091693
1960,1970,1965,-0.883154537553672,0.40426198152413606,0.30384738522080335,0.3733262995635003,-1.6588105062296616,0.45004858298795936
1965,1975,1970,-0.14282578778867386,0.505196543692554,1.2218245081039039,0.8658678610449368,-1.5649085352506549,0.3144911333836884
1970,1980,1975,-0.14153182138136453,0.5161417770905163,2.2786175437800775,0.778293203324741,-1.9219921577490562,0.37048346066066196
1975,1985,1980,-0.9284119125361073,0.5165579931156543,1.61760569195868,0.7890317006845339,-1.9547877541115373,0.43249096605357995
1980,1990,1985,-1.291505266579448,0.5282958882542099,0.7845607976193577,0.44617850223093436,-1.775149457656201,0.48084380217980993
1985,1995,1990,-1.2762414462130038,0.5035390851984383,0.1884863961393847,0.6250237293396441,-1.436327009470182,0.37624663499224353
1990,2000,1995,-0.8274408404305587,0.3936024815112126,1.1598901950480167,0.6002416912066151,-1.3924659642465238,0.3764233066171748
1995,2005,2000,0.04557637220215818,0.18943004637605096,1.736613202369842,0.7461498771312071,-0.8049410882174185,0.08334288807761216
2000,2010,2005,0.704792492948311,0.20270199824549961,1.2959876528322745,0.7577185993166521,-0.004432915978462709,0.01581708920253952
2005,2015,2010,0.2604487007611046,0.3025148551667731,2.06838756035042,0.7876657956895095,-0.6442586215918901,0.16037155225955346
2010,2020,2015,-0.06111306082064977,0.39130149764038646,1.0660728279071614,0.7319399149831144,-0.9096298316776502,0.24934448484801364
2015,2025,2020,0.018820060135173428,0.4290668934247277,1.152860825190981,0.7633763945765946,-1.2584188556548435,0.3017635502342707
2020,2030,2025,-0.3656014183648386,0.3611308574466511,0.6163499645709561,0.6256596296242887,-1.3869436075879502,0.28135817078951125
2025,2035,2030,-1.0929708925071044,0.37502336645200063,0.344008338784869,0.6488986599025813,-1.5956515320437836,0.43721433024203793
2030,2040,2035,-1.1463131441800396,0.45238711410641164,1.0191627216033414,0.5799717600165085,-1.8901493006341339,0.368166102022202
2035,2045,2040,-1.1132735723680698,0.4383774035273935,0.8797273903185162,0.5740346154730399,-1.8116291847071733,0.31007487873888795
2040,2050,2045,-0.9109340075856184,0.43788917767868984,1.4995213247118377,0.5731440200018164,-1.8907077093647258,0.5331372043456983
2045,2055,2050,-0.8686263927971776,0.4531359118063595,0.5129211373886486,0.39890840923276216,-1.5402207205663645,0.4216452379665091
2050,2060,2055,-0.7997218008688797,0.4032252024845504,1.0852647398539848,0.751472883597638,-1.5956895833097653,0.25293791533501164
2055,2065,2060,-0.4528004027200083,0.436015027669893,1.0138419935774394,0.6526241614040227,-1.3311239534340797,0.29320497105741916
2060,2070,2065,-0.48988965238116233,0.4554709177960573,1.0751270831330217,0.718545692097062,-1.4730310412884646,0.31100779181026433
2065,2075,2070,-0.6389166788987165,0.44002476664312984,1.4490988978758177,0.5740437356077691,-1.7524613345603326,0.38529300460764493
2070,2080,2075,-0.8471588515316255,0.4340283030542167,1.141277713348043,0.7021229798775659,-1.8686890171110986,0.2969244719739834
2075,2085,2080,-1.1158570046757348,0.445320515933167,0.5365226137085229,0.7851236868271814,-1.7910083327496085,0.4074450054512203
2080,2090,2085,-0.9568416534874079,0.4333591706229384,0.5037966028457902,0.6048172110446465,-1.635046281479706,0.35032349800479945
2085,2095,2090,-1.026844516041827,0.40890907198377124,1.198786096433346,0.6423097231704427,-1.608467581512251,0.356013608237167
2090,2100,2095,-1.0233234411111054,0.43290385671550136,1.3690973078935196,0.739224091430376,-1.6509998259647587,0.29397920338681377
2095,2105,2100,-0.8205765048583423,0.48200318961950317,1.8691391364706857,0.8081962526050352,-1.6530897328004075,0.3603562301921881
2100,2110,2105,-0.8225153417829478,0.4830863471151007,0.8024508900133004,0.7540353391869657,-1.4483877120344189,0.5474732477870657
2105,2115,2110,-0.35799553734929024,0.4286205712392036,0.625028252811534,0.8394445156582535,-1.2115431200208835,0.38802655414229725
2110,2120,2115,-0.2866583929833171,0.4537401370707239,1.694160138409802,0.7406009028822348,-1.605844692635179,0.3758000091857472
2115,2125,2120,-0.6585733640536131,0.46300698546474783,1.0995464531636208,0.7903652205786488,-1.397987972145437,0.284989481656693
2120,2130,2125,-0.5526294830700474,0.41689121819056985,0.5388840888529468,0.7517689299598912,-1.305375141498234,0.30484719030184426
2125,2135,2130,-0.7077849683562254,0.41438486361882754,0.9119156706973947,0.566211288059024,-1.5153082755702838,0.3895629446974891
2130,2140,2135,-1.0043352334363647,0.48941609359087634,0.10977200146042346,0.4600652665702005,-1.6065176428636823,0.4670349323432913
2135,2145,2140,-0.975712284272126,0.5441714509535466,0.4091422256874614,0.6897259704024249,-1.8207434818660972,0.46425480795847274
2140,2150,2145,-0.9005945822621583,0.5673687606440556,0.030471339568332173,0.7885936486615953,-1.8257256494682017,0.5092827043990209
2145,2155,2150,-0.9431427601155408,0.6873305624801093,0.791901042765868,0.6632618874212758,-1.9085319238649794,0.6240574201080393
2150,2160,2155,-0.9903662284800988,0.6989966709757023,0.5278406046742302,0.7866234515231807,-1.818921253845933,0.5407144116274166
2155,2165,2160,-0.7685454376367951,0.6553793793767448,1.012804509735637,0.8145390432845832,-1.8140302008568372,0.6244613223207562
2160,2170,2165,-1.0205595533141685,0.6026796359621005,0.05872404551940527,0.552083247988708,-1.5861102329265342,0.4668247569431059
2165,2175,2170,-1.343225554533595,0.5441721619485108,1.0827622049871217,0.7146617494163469,-1.5929765811676682,0.47195745176732185
2170,2180,2175,-1.1197603207081788,0.554792859603932,0.2264169547569063,0.7043535361103659,-1.8449522895874506,0.4192902350648535
2175,2185,2180,-0.9654709210726677,0.500500086686117,0.8581967515848704,0.8999216857002107,-1.5813868857727575,0.37462920335531813
2180,2190,2185,-0.8088081177429659,0.4226247269466523,1.2527594258900703,0.7785216479001774,-1.7784503029761882,0.3329356865561034
2185,2195,2190,-0.9390077912248296,0.4823348224123619,0.6381521021780362,0.7296391215416205,-1.8660751968222489,0.3690729017205645
2190,2200,2195,-1.005607229063028,0.5517548314679174,1.085328499025101,0.7787227929241884,-2.0231432763628328,0.38066442244124765
2195,2205,2200,-0.9003351722047103,0.483146308401189,1.1063609557143652,0.8224695545845897,-1.9346957063033794,0.2991922591979026
2200,2210,2205,-0.9933640581273759,0.5086639787718472,1.4660333530455936,0.7487886480712352,-1.8347447773933923,0.39741497984916985
2205,2215,2210,-1.2729262417805158,0.5309459004781087,0.3337514401515499,0.8027488467100629,-2.0532390838314902,0.4157101861140484
2210,2220,2215,-0.9714271261982519,0.351114130712473,0.3405061373630801,0.6578003429023862,-1.2225951422616195,0.22842140263126162
2215,2225,2220,-0.06546226634893573,0.3888597404408103,2.025506505256735,0.5348954358112091,-1.035813077973507,0.2949153045431816
2220,2230,2225,-0.12548925790365137,0.4711225720096718,0.9636525419496654,0.6930075733248889,-1.4756816259528478,0.3319203614692249
2225,2235,2230,-1.0039236692735787,0.46910719686911184,0.2500133420524243,0.5954178705730422,-1.8108014369273144,0.4834339956053224
2230,2240,2235,-1.4455809014587233,0.5231428936207467,0.3015759807379258,0.7473907554198824,-1.9015865877616813,0.4749057917438788
2235,2245,2240,-1.044255881317005,0.4882606785209366,-0.37957351616212776,0.7443183724238028,-1.6301395616385745,0.4371889113294173
2240,2250,2245,-0.4421738806683825,0.4569138720618108,1.304833227343971,0.7427481834167443,-1.8009323280741663,0.3634323578761236
2245,2255,2250,-0.587150422682585,0.486274737009069,0.9065761455296953,0.6734878481098054,-1.708226971162312,0.4931228978470358
2250,2260,2255,-0.8302561217158766,0.5304543040587892,1.5200212050152688,0.8486818120329518,-1.8600059423421018,0.5070108838263795
2255,2265,2260,-0.6461799773690566,0.504187330229299,1.9409367315325297,0.9694001091148712,-1.5962107152322516,0.32729627385304416
2260,2270,2265,-0.3646064228025014,0.3862774238995583,0.9769919036573845,0.8455534397897363,-1.4011138124730973,0.20106643610418934
2265,2275,2270,-0.5271875304132515,0.33003737922017085,0.9867163026562397,0.45511695480213765,-1.0770862476223777,0.2539909127783452
2270,2280,2275,-0.7834448173701901,0.39308788010431284,1.0282754383163757,0.3584378985982787,-1.5380290726406813,0.39387962547841615
2275,2285,2280,-1.005061217112686,0.42386701635365565,1.1388102465686387,0.5933290525863509,-1.632702591018081,0.2676632789167591
2280,2290,2285,-1.1050759298448976,0.38897656405913195,0.5693978084490242,0.6723454668014837,-1.5118060431215767,0.3351843065654362
2285,2295,2290,-0.9858889954162583,0.35023483112639664,1.5822167334899373,0.7152061702004483,-1.7670142683225383,0.26077359441901526
2290,2300,2295,-0.8028151678993326,0.3538282057792576,1.0111422177165759,0.5323468739101563,-1.7614048251326295,0.4084905616686447
2295,2305,2300,-0.733166454367508,0.5095933034892868,0.8262758778531517,0.6136428771606383,-1.702630768886142,0.38744473238047206
2300,2310,2305,-0.7450910470837125,0.5531232814484529,0.6779003977889159,0.6860736485457074,-1.5628774433153918,0.38062126354656733
2305,2315,2310,-0.4623125956465156,0.5129231844223209,0.4936867331482854,0.5002709754176767,-1.5231139382126992,0.42372636868959657
2310,2320,2315,-0.7704763274708117,0.4847350197137422,0.7323800598882221,0.7169681213926907,-1.8057868959465095,0.3832286096149149
2315,2325,2320,-0.8088386148477372,0.4976541373012986,0.4359426559685945,0.6307235824801767,-1.738605305913998,0.472553910884129
2320,2330,2325,-0.6687462926555975,0.45118512635188446,0.5862573442563622,0.8301161656715473,-1.6471739898945492,0.3119879709096771
2325,2335,2330,-0.7474068120582392,0.4077630609602271,0.11059860325096618,0.737413606344686,-1.5055381376163268,0.2709723808057092
2330,2340,2335,-1.0468912871545617,0.4037049893427016,0.2667491136356156,0.5537058479297948,-1.7624469155779598,0.2968770794978094
2335,2345,2340,-1.2610590906609485,0.4420419260099907,0.6006583991764635,0.7424164034060766,-1.9654150992322412,0.3590116053894985
2340,2350,2345,-1.0323408715709181,0.4528249894955809,0.2336568407490435,0.7667648244287538,-1.5968045921715321,0.37381629768051094
2345,2355,2350,-0.7791946184169921,0.4159955286902033,0.5085191179683909,0.7645772709110147,-1.5734531168635606,0.24260565785570767
2350,2360,2355,-0.7089304448982452,0.4415552141663103,0.6416283668521917,0.8152716990374329,-1.4898888927121825,0.258230373420666
2355,2365,2360,-0.9443557022833592,0.46168764476805135,0.7655459892753772,0.8109869242974511,-1.7513097853250337,0.34759666254756966
2360,2370,2365,-0.5717720887374046,0.5103512347764615,1.1277337940112306,0.8259936952886613,-1.8182914305046383,0.34494987865451504
2365,2375,2370,-0.037419267333879985,0.527486003065512,1.6455544273655731,0.8874876096669133,-1.6203868256747027,0.3468138843475643
2370,2380,2375,-0.4559395173483849,0.44436141044168587,1.601399452723897,0.6808014391655264,-1.354939533969714,0.38873917039850536
2375,2385,2380,-0.5512643156147796,0.46006483849031676,0.7277573425540284,0.7310332724054547,-1.4363114431233672,0.3735262521652092
2380,2390,2385,-0.516369656628994,0.4037757503252021,0.7303617322090045,0.7796753682421009,-1.5505986827657154,0.29154606668904093
2385,2395,2390,-0.4493755365513541,0.42777749012178734,1.384102203563597,0.743310462827267,-1.6112551538281121,0.32037775660306245
2390,2400,2395,-0.5425259653330715,0.4424133657745076,1.3959495602972356,0.8220441585495356,-1.3552065671712719,0.3798903276833352
2395,2405,2400,-0.6578995541144613,0.4304047849235213,0.9425843140394249,0.6700355996169316,-1.6259906489762996,0.3292736839092669
2400,2410,2405,-0.682853185811712,0.458474150506035,1.0403304890290246,0.7903418553831992,-1.6454414763529994,0.33919815798311587
2405,2415,2410,-0.4509265260798947,0.4657427620476079,1.589652165207009,0.8057701527705827,-1.5742069471562787,0.3549817061134479
2410,2420,2415,-0.6618760837098827,0.40513838004575464,0.9678122630271796,0.43637146558903406,-1.608229177464234,0.46468580588601827
2415,2425,2420,-0.9359576544487472,0.40064736595155004,1.1246081517664503,0.6518061934844358,-1.802253418852456,0.32962656985909905
2420,2430,2425,-0.7624952070276555,0.44465268791508594,1.204886646275336,0.8291954220255544,-1.534591933960652,0.3847306521294285
2425,2435,2430,-0.6929271822822994,0.3937661261408548,0.95183678989018,0.6463772845628479,-1.529872943405514,0.3916299640427897
2430,2440,2435,-0.6351189514412009,0.3809094136672111,1.4296491510631977,0.7492524033282736,-1.8070224494800315,0.23866133581046017
2435,2445,2440,-0.9113303880715458,0.42955385399212687,0.6374691084386547,0.6269390040959689,-1.4644267983712622,0.3345325397428993
2440,2450,2445,-1.1126815937945596,0.5435384650082092,1.264775196098487,0.5644500671379532,-1.5411659500472532,0.5111924198093812
2445,2455,2450,-1.4276033153443464,0.6722563689195066,0.09752567856933006,0.6897210233548604,-1.7813933789339935,0.6477992927518522
2450,2460,2455,-1.6190542175219906,0.6270399084463512,0.06563810965338882,0.6296576899320134,-1.8193291574554489,0.543453770383817
2455,2465,2460,-1.3640134267168886,0.5014314947874194,0.40473564418835084,0.6337439808124548,-1.7384224149008503,0.4414593343583496
2460,2470,2465,-1.2015206623134962,0.38332959706964553,0.8538059774802346,0.5414672235758384,-1.7218949010152658,0.30913507856238837
2465,2475,2470,-1.2261450499457107,0.359204788532807,0.3035349042752068,0.4927527801811593,-1.7851500377573677,0.2674212712529613
2470,2480,2475,-0.8583547365754424,0.43937320586923534,0.7010784074166679,0.655918407867015,-1.644040153721329,0.374302759416248
2475,2485,2480,-0.7822081901919086,0.5340506719438823,1.2280152443926415,0.7623271574414484,-1.859302714979206,0.4735733159120199
2480,2490,2485,-0.9397584484286223,0.6177702924324899,1.3476818559002874,0.5788290243291027,-2.2903712106918044,0.594613849963766
2485,2495,2490,-1.0629682400988072,0.6121378161768923,1.1789881515738936,0.5994233232233455,-2.2886060876431316,0.5458043404047426
2490,2500,2495,-1.235758904732495,0.6132918691295205,0.5293683940588901,0.561677186396482,-1.925355897161924,0.5359611821129573
2495,2505,2500,-1.451435188554414,0.526174438584574,0.4878758948893135,0.6994999456115332,-1.9374415534311673,0.45451607075824263
2500,2510,2505,-0.7674125380119112,0.5229514635566984,0.7766292479628386,0.6940739168893941,-1.7952372244306196,0.4304885722843421
2505,2515,2510,-0.7856682747541652,0.5381159554502392,0.6360683802038186,0.734526236381583,-1.847139479139237,0.4654917320065174
2510,2520,2515,-1.0745750900113977,0.5062095354097348,0.3987939326796227,0.6953096820375865,-1.5892871623592952,0.4565251662090115
2515,2525,2520,-0.6775110409119,0.4639269610541926,1.1257210547933167,0.6852699045923976,-2.021137046160483,0.47186287857270204
2520,2530,2525,-0.1683775218218649,0.34531206480320786,0.9092951563678172,0.7260088503521454,-0.8200156155760748,0.2903190920439087
2525,2535,2530,0.3079602703394908,0.25409030336820126,1.7349017885958997,0.9070411099757884,-0.6952451804601328,-0.030182912044070143
2530,2540,2535,0.31377009451722015,0.15480702435182653,2.267675396046746,0.8017227055201283,-0.08534858030366874,-0.0995338422466174
2535,2545,2540,0.2992064932045809,0.16046730827538364,1.729382297599763,0.7611642550485659,0.03081515558401962,0.07605519939509338
2540,2550,2545,-0.6092276609323809,0.41647956754343807,1.7184312314267327,0.3714406796228962,-2.131526250142532,0.4952837378071855
2545,2555,2550,-1.7776797006154796,0.6348193476203275,0.7433111078468172,0.7542154034948153,-2.297653760590811,0.599932717073818
2550,2560,2555,-1.7844453120355914,0.7981127439244667,0.9997480463284317,0.8572614198779595,-2.7418404877030387,0.8786725184526566
2555,2565,2560,-1.5049844627366038,0.7905690201134908,0.1373919515111345,0.7088530914214562,-2.4083832732540444,0.769928595799283
2560,2570,2565,-1.5923063650127793,0.7896107325808616,0.704617174991749,0.40070747236001525,-2.595425937229989,0.9166039938826708
2565,2575,2570,-1.0400255061274688,0.6409606435262722,0.6560385856144731,0.837615173140988,-1.8706662159064282,0.5737810489549013
2570,2580,2575,-0.504829385753623,0.42524863642827837,0.9130030507006454,0.7091660518648158,-1.3732131552576425,0.3113298662480407
2575,2585,2580,-0.6178338320207442,0.3671245472271315,0.822701201143084,0.6664742150999607,-1.557658153210813,0.3138553855101027
2580,2590,2585,-0.9714486614123127,0.42473064165856433,0.4390551318991883,0.5823626823043963,-1.5219001983365605,0.41897961388878324
2585,2595,2590,-0.8141263904858883,0.5659622123319918,0.923690099941514,0.7069537642235902,-1.8808802285206188,0.522234166206179
2590,2600,2595,-0.3808346308155191,0.6395271476476978,1.7192168716930623,0.9014846904359617,-1.9948615824363283,0.5663621951473136
2595,2605,2600,-0.6355285718295064,0.5359673856151841,1.0986011187816558,0.8673116792989576,-1.8082239437763075,0.4122636924655956
2600,2610,2605,-0.9676673721778243,0.43807719561279024,0.8230794884511236,0.8344032877806081,-1.790537595526181,0.27822268702135733
2605,2615,2610,-1.030801639062032,0.4144062404894153,1.0848124491779487,0.523078303463612,-1.8417247132377443,0.24721531250007298
2610,2620,2615,-0.3835314475264959,0.4650773501102503,1.94130184297533,0.5628064558269334,-1.7715224674581447,0.2772099098691918
2615,2625,2620,-0.5659744565207682,0.5030199426613292,1.5624822819232544,0.7666272755400247,-2.034903455888801,0.30485699748598927
2620,2630,2625,-1.0631625532882902,0.4392175201932941,0.4836990984237507,0.5782340374219926,-2.220157532262156,0.3742745077219951
2625,2635,2630,-0.9629960006344707,0.30698517332455566,0.9724095860023622,0.699643639477957,-1.560711231274298,0.31241923638273006
2630,2640,2635,-0.20077561511941053,0.2819274828528824,1.4732428915395521,0.839192129434631,-0.563832707380583,0.08529873509723634
2635,2645,2640,0.4484023320355237,0.3938820569351973,1.909970787117796,0.9310311548102085,-0.8877563464814767,0.10320431743093449
2640,2650,2645,0.6432775397075617,0.349736139286126,1.1443555097121203,0.833172132622053,0.32468443971012817,0.08345112028612606
2645,2655,2650,0.839409911533182,0.3213738390890947,2.8314363883953817,0.9342509143199251,-0.33075056374567813,0.10178860534404738
2650,2660,2655,0.06759596577129393,0.41098986628246414,1.9946920867902913,0.6440876647298938,-1.5314698857194557,0.3399944187832974
2655,2665,2660,-0.8199889272419126,0.5181507687136808,0.7311809398938051,0.9124503301613425,-1.4543184082719864,0.323752583498352
2660,2670,2665,-1.0011405303574328,0.521579985215098,1.1400668902424278,0.88591362228548,-1.343432636655914,0.47836305313342486
2665,2675,2670,-0.7355037723140779,0.5212813265521133,1.1445560180167451,0.8069410120765907,-1.7478698231807126,0.42529231536634293
2670,2680,2675,-0.7045259940467754,0.4902222001929478,1.227311718389526,0.7558898374518039,-1.8011235103096535,0.4125116321802921
2675,2685,2680,-1.0616096745691264,0.4767745471281647,0.6619118392965483,0.6599589872792182,-2.0295681074839176,0.41000125177024205
2680,2690,2685,-1.1635237895997446,0.44933462144869274,0.4909806168329701,0.7115369076549324,-1.851603360426221,0.3384895045737777
2685,2695,2690,-1.0855559833567652,0.4247508978451523,0.9680755109574352,0.8540357359765893,-1.439056796578367,0.2134296432727453
2690,2700,2695,-1.113490746767746,0.4209193474096754,0.8301121450142158,0.8094325288976886,-1.561379941865008,0.26962735325688414
2695,2705,2700,-0.9862308140279049,0.44855726689023034,0.8305586952051526,0.7398986395023354,-1.6504756842749526,0.2843987390524108
2700,2710,2705,-0.7539560283168556,0.4461631137003662,1.2602004417645551,0.7276605717336242,-1.647242075468928,0.3472304942998925
2705,2715,2710,-0.8530656921810119,0.3679811182278435,0.7969093396436965,0.4370530941219015,-1.3906335914159516,0.43879017584439894
2710,2720,2715,-0.8347724574526344,0.38704250308905475,1.2311587391997065,0.43283251441065784,-1.630733847200036,0.46155495632319365
2715,2725,2720,-0.9960314291477687,0.4743469684609367,0.9544078682891338,0.7225517345574337,-1.720913070300645,0.4231010370351793
2720,2730,2725,-1.0642407276623929,0.49986200785841006,0.4530398617931023,0.5795395194554094,-1.9431043006572317,0.4438810882080534
2725,2735,2730,-0.8674137068892673,0.5432843787343593,1.5556842749780309,0.776598497807607,-1.8189431686248858,0.41522468029096193
2730,2740,2735,-0.6746017216326736,0.5101521931650294,1.2302383314203882,0.6849959825850749,-1.770504646675431,0.443131461441281
2735,2745,2740,-0.8060655533484432,0.534604038326773,0.9141161002049097,0.6261686149775351,-1.7310469536987922,0.570149481543392
2740,2750,2745,-1.2527385143116285,0.5317826056347958,0.40006364980758236,0.7731395043369627,-1.5467532890869202,0.3835493112056275
2745,2755,2750,-1.2460473104636656,0.43897538201956654,0.7547244539374375,0.6035456003667768,-1.9539607498411877,0.38893758367249354
2750,2760,2755,-0.7840375233215607,0.38958356053515175,0.7427123045231673,0.5871508291568353,-1.6071718195929405,0.3315951951206153
2755,2765,2760,-0.07562767721178817,0.30132025754700875,0.5898850254038083,0.6738131807794953,-0.7359262589480463,0.2629888086185498
2760,2770,2765,0.17242229492955255,0.29610308880978287,1.0563001053316754,0.8436203849822358,-0.25743763170327794,0.13323990041184525
2765,2775,2770,-0.31114780462974245,0.4485505316708246,1.3377906925919067,0.6608427256103198,-1.4185778748911193,0.3834892535367074
2770,2780,2775,-0.7024647972322864,0.42933674119144194,0.8383915949464719,0.7805052146054189,-1.4240339788567893,0.31203419431267326
2775,2785,2780,-0.9461239780721777,0.33614671560112674,0.3687618673523577,0.48037887889134023,-1.5126857377425516,0.35662027110631034
2780,2790,2785,-1.033430629938746,0.418408845680449,0.8256908529803376,0.5521345500291164,-1.6820292039895566,0.389811174039454
2785,2795,2790,-1.1536155386148994,0.48130304014822034,1.4586665576801285,0.6234704876868359,-1.8906795552998024,0.42853634515726047
2790,2800,2795,-0.6707942195734727,0.43271369388809977,0.26847689379501916,0.6651315341303584,-1.669858206547787,0.3769776500215981
2795,2805,2800,-0.0936628682699254,0.48509573035312425,1.1938660617929966,0.7160184239117422,-1.4211591870739047,0.36005523300540965
2800,2810,2805,-0.4462420933406348,0.5078556835020247,1.140969214148715,0.7549545926506419,-1.238875683967531,0.4163592015269364
2805,2815,2810,-1.0822564675095725,0.4337904191119991,0.7132172905401076,0.7743444456118738,-1.5210883211581971,0.32496690540027445
2810,2820,2815,-1.4822235506587522,0.4510603322741672,0.45091560683262644,0.7860043986996695,-1.9247299463542926,0.3426756952145624
2815,2825,2820,-1.7013144535674714,0.5572903527321863,-0.37944107654610215,0.8830611118006918,-2.1010177069186002,0.46280687347093274
2820,2830,2825,-1.7736278899688744,0.57108016594787,0.3913329496594813,0.5708221497917209,-2.730489366271062,0.6430535479817922
2825,2835,2830,-2.135079138959836,0.5503771883902542,-0.29487512569687724,0.9089088085095682,-2.247880322655602,0.4986168703664564
2830,2840,2835,-1.8364709392621343,0.6105417716358787,0.6756322218093677,0.7359809802654694,-2.833693769792476,0.5904430058304665
2835,2845,2840,-1.3826082268906965,0.5596639386246833,0.6377003282063004,0.7140076105241161,-2.1786640447452306,0.460078191495253
2840,2850,2845,-1.301674556637375,0.393617131474273,0.037558215250977384,0.7152542130412052,-1.6555250786461138,0.3126499844060332
2845,2855,2850,-0.6468675317069433,0.3576116929844151,1.4713618720711965,0.68922066995377,-1.7085968414238288,0.3120582461321115
2850,2860,2855,-0.6509528636849655,0.38089532111119206,2.508229692473339,0.8035750483275538,-1.7041581926712508,0.2582598493456651
2855,2865,2860,-0.9834753816498331,0.3449509247610567,0.9557037436274894,0.6133678221636504,-1.6042722354565142,0.2759030814030362
2860,2870,2865,-0.7289778601735944,0.35243389810980863,1.0786396228514168,0.7104966937083763,-1.5715847115220183,0.18610001635204282
2865,2875,2870,-0.2636221011933362,0.3939309849357051,1.2856363208018962,0.7672611496850844,-1.3772032383691741,0.19830122004346956
2870,2880,2875,-0.250553274823317,0.4476153708719137,0.7933337809329851,0.8898402166793061,-1.561030456167496,0.22220930007878817
2875,2885,2880,-0.6988464602540061,0.42189734628239917,0.17089064050721894,0.9148556925037226,-1.482808169845571,0.2822037604741377
2880,2890,2885,-0.713044852576658,0.3753047465758893,0.7396285376395698,0.6577126854491097,-1.5651318975685775,0.29676350838052146
2885,2895,2890,-0.2589682170152603,0.35585175467770425,1.7005475058478599,0.8397145078822579,-1.381047576498995,0.2016709298432036
2890,2900,2895,-0.4869540640209393,0.4278197163170404,1.008876940859329,0.8736390298752648,-1.6081535754568126,0.23131421541893218
2895,2905,2900,-0.8229834633511105,0.43873728632248665,0.4551408744200588,0.6867323734451157,-1.2923199357724424,0.39275336739643096
2900,2910,2905,-0.7516481774118904,0.47235825017840916,0.6504949652986588,0.7455525054074394,-1.873915106427597,0.3737233119108757
2905,2915,2910,-0.6273934230617848,0.48376725763537476,2.0025675419653477,0.8538002307713518,-1.7065817019658296,0.3802535476869502
2910,2920,2915,-0.6240934574677982,0.4682025343750169,1.4890473547376593,0.6026629868262303,-1.662552470457138,0.4103164378370753
2915,2925,2920,-0.588466491384198,0.4850023812379264,0.30972348451947596,0.6555726520739701,-1.4186191009740998,0.3438121278046046
2920,2930,2925,-0.34855197268841165,0.4839839071890265,0.6252986239391162,0.8619282735003297,-1.3714237736882597,0.3365177114917248
2925,2935,2930,-0.47033344047899595,0.4819144910081967,1.0065194793233603,0.7948357498548234,-1.5220140894487544,0.34643488714450366
2930,2940,2935,-0.3029536871489564,0.5069827579587826,0.8686383829409278,0.8269541630400403,-1.6432363623205806,0.2901641739833788
2935,2945,2940,-0.634533187358186,0.5132952177166371,0.5811612945095447,0.8651705233666322,-1.6873554773891557,0.36312127017126306
2940,2950,2945,-0.42459508845101124,0.5451078211824376,0.7237212147626756,0.7772911975447714,-1.7142883648088343,0.3991239269842415
2945,2955,2950,0.2247578223084891,0.5557190572937077,1.562188966309907,0.8215567689038943,-1.6004650934528328,0.4184806434490701
2950,2960,2955,0.49496903029518236,0.4731567898826108,1.5065443981290028,0.7846850753363954,-0.3192830050078158,0.28221958420022697
2955,2965,2960,0.07396949978078762,0.4819473532022238,1.1686297837538433,1.1022709321354778,-0.5777285120352417,0.21392625535141543
2960,2970,2965,-0.38715679338047637,0.5238929574156259,1.1471136715016803,1.0174531551744217,-1.0473484198387333,0.4174070680324
2965,2975,2970,0.030085834619935553,0.5069905719285408,1.4884730839639853,1.0172922161641582,-1.4913575367987184,0.3231242056769349
2970,2980,2975,-0.0425971639719642,0.6013356441119425,1.1441188064894015,1.0963698704565201,-1.4879779412729446,0.2821524201378197
2975,2985,2980,-0.2397411506703465,0.5786156258391654,2.2166495849233576,1.1999115147128103,-1.9746594065448937,0.2729781640309028
2980,2990,2985,-0.037828097577768366,0.5137085682004623,1.4808652155309867,0.9650629435195328,-1.4417372138851652,0.3206819599940822
2985,2995,2990,0.6513965899000588,0.5094299957493724,1.320019859578858,1.0854280698626289,-0.5793853675539092,0.22444527266230352
2990,3000,2995,1.1916150774366565,0.5643787843864666,2.466781026424768,1.3727661279214458,-0.19270358492160952,-0.008515101536355568
2995,3005,3000,0.6727424966150497,0.49869295339936326,2.0414383848137985,1.3656104258074087,-0.8835950943176444,0.01019399998361803
3000,3010,3005,0.5281897599895232,0.4752639116339651,1.5915822674842517,1.225098830206647,-0.8294371933382821,0.0037709992867584613
3005,3015,3010,0.33983946619549343,0.43413842441300177,2.0498172945134616,1.2786932763150611,-0.8929420827521207,-0.04632265702534019
3010,3020,3015,0.28494544161686863,0.3738961829330084,1.599621626358035,1.2378012719853413,-0.9140871161246141,-0.10550628645830251
3015,3025,3020,0.914598532694833,0.24908958896745484,2.1476444246539703,1.0899699674956278,-0.5187225122028635,-0.18186527061412397
3020,3030,3025,1.0826102429313715,0.1805193880372898,2.6125488205009524,1.0646610829632834,-0.7371287210697156,-0.0611489565030329
3025,3035,3030,0.7995248928718746,0.3113323194924683,2.229398931283443,1.0065772129389796,-0.44597101701814557,0.13189407163293834
3030,3040,3035,0.6038762704526435,0.340426976782385,2.808454583043309,0.9694187327039567,-1.4716766309808813,0.21074544366918352
3035,3045,3040,0.728370113045877,0.35772357185774495,1.770896123414901,0.7268012599008747,-1.1871917739762945,0.2282806180767364
3040,3050,3045,0.35484530075318166,0.34663756784725064,1.9368456542327472,0.7794763837855491,-1.6063114376074215,0.13624266128814372
3045,3055,3050,-0.1526287697633402,0.37759189363767554,1.0195827738643726,0.7415191202948541,-1.1389252496108573,0.3335377067677817
3050,3060,3055,0.4384912378724727,0.467727139195218,1.4191135585499481,0.8246743957594652,-1.4158988641092534,0.32476689616429744
3055,3065,3060,0.8599674028664,0.4131083722551947,2.0799268801635953,0.943275214103242,-1.419088344429379,0.18923959525565714
3060,3070,3065,1.1041645663072213,0.4069411103768278,2.5724402082993922,0.8946704780155761,-0.6949271538719878,0.28159460163820094
3065,3075,3070,1.4422442609223085,0.45197865164068785,1.8435296892370217,0.7079146502062664,1.0992004630202115,0.1987072665171011
